Game Name,Current Price,Katya Zamolodchikova (Collin) owns,LaCroix Boi (Phillip McCall) owns,itAintGravy (Eddie) owns,JuiceboxRunner (Justin) owns,Little Tug (Griffin) owns,Dinggo (Ethan) owns
Kreedz Climbing,$1.49,False,False,True,False,False,False
Neon Drive,$6.99,False,False,False,True,False,False
200% Mixed Juice!,$4.99,False,False,True,False,True,False
English Country Tune,$9.99,True,False,False,False,False,False
Uncanny Valley,$24.99,False,False,False,True,False,False
The Jackbox Party Pack 2,$16.99,False,False,False,True,True,True
Overcooked,$9.99,False,False,True,False,False,False
Xotic,$6.99,True,False,False,False,False,False
The Curse of Monkey Island,$19.99,False,False,False,False,True,False
Spacelords,$9.99,False,False,True,False,False,False
Hitman: Absolution,$9.99,True,False,False,False,False,False
Poly Bridge,$0.99,False,False,True,False,False,False
Patrician IV: Rise of a Dynasty,$4.99,False,False,True,False,False,False
Crazy Machines 3,$29.99,False,False,False,True,False,True
60 Parsecs!,$19.99,False,False,False,True,False,False
Hellblade: Senua's Sacrifice VR Edition,$39.99,False,False,False,True,True,False
BioShock Infinite,$39.99,True,False,True,False,False,False
Timespinner,$19.99,False,False,True,False,False,False
Quantum Break,$9.99,False,False,False,True,True,False
DiRT Rally 2.0,$14.99,False,False,False,True,False,True
Eador. Masters of the Broken World,$6.99,False,False,True,False,False,False
DiRT Showdown,$19.99,False,False,True,False,False,False
Fibbage XL,$11.99,False,False,False,False,True,True
The Elder Scrolls III: Morrowind,$9.99,True,False,False,False,False,False
Tomb Raider II,$19.99,False,False,True,False,False,False
WAKFU,$9.99,False,False,True,False,False,False
Sid Meier's Civilization IV,$4.99,False,False,False,False,False,True
RISK: Global Domination,$19.99,False,False,True,False,False,False
Dear Leader Prototype,$19.99,False,False,False,False,True,False
Desert Child,$9.99,False,False,False,True,False,False
Killer Queen Black,$34.99,False,False,False,False,True,True
Killer is Dead,$9.99,False,False,True,False,False,False
Portal Stories: Mel,$19.99,False,False,False,False,True,False
Sanctum,$4.99,False,False,False,True,False,False
Serious Sam: The Random Encounter,$9.99,False,False,False,False,False,True
Wandersong,$16.99,False,False,False,True,False,False
Antichamber,$11.99,True,False,False,True,True,False
STAR WARS™ Jedi Knight II: Jedi Outcast™,$9.99,True,False,False,True,True,True
Titan Quest,$9.99,True,False,False,False,True,False
Back to the Future: Ep 4 - Double Visions,$19.99,False,False,True,False,False,False
Ancestors Legacy,$19.99,False,False,False,True,False,False
Section 8: Prejudice,$4.99,True,False,False,False,False,False
The Escapists 2,$14.99,False,False,True,True,False,False
State of Decay,$2.99,True,False,False,False,False,False
Guacamelee! 2,$19.99,False,False,False,True,False,False
BIT.TRIP BEAT,$9.99,False,False,False,True,False,False
Torchlight III (Beta),$9.99,False,False,False,False,True,False
GRIS,$1.49,False,False,True,True,False,False
Regions Of Ruin,$0.99,False,False,True,True,False,False
Fallout: New Vegas,$19.99,True,False,False,False,True,True
Flat Heroes,$2.99,False,False,True,False,False,False
GALAK-Z,$14.99,False,False,True,False,False,False
Burnout Paradise: The Ultimate Box,$12.99,True,False,True,False,False,False
Ori and the Blind Forest,$9.99,False,False,True,True,True,False
Nikopol: Secrets of the Immortals,$9.99,True,False,False,False,False,False
Keep Talking and Nobody Explodes,$9.99,True,False,False,False,False,False
Eufloria,$14.99,False,False,False,True,False,False
Canabalt,$14.99,False,False,False,True,False,False
Night Call,$6.99,False,False,False,True,False,False
Doki Doki Literature Club,$9.99,True,False,True,True,True,False
Half-Life 2,$9.99,False,False,False,False,False,True
The Ball,$7.99,True,False,False,False,False,False
Hard Reset,$14.99,False,False,False,True,False,False
ORION: Prelude,$9.99,True,False,False,False,True,False
Star Crusade CCG,$5.99,False,False,True,False,False,False
Transistor,$9.99,True,False,False,False,True,False
Back to the Future: Ep 3 - Citizen Brown,$39.99,False,False,True,False,False,False
Slipstream 5000,$19.99,False,False,True,False,False,False
EVE Online,$9.99,False,False,False,True,False,False
Strife,$3.99,False,False,False,False,True,False
Hollow Knight,$9.99,True,False,True,True,False,False
Arma 2,$19.99,True,False,False,False,True,False
100ft Robot Golf,$4.99,False,False,True,False,False,False
Magicka: Wizard Wars,$9.99,True,False,False,True,False,False
Call of Juarez,???,False,False,False,False,True,False
Free to Play,???,False,False,False,False,True,False
Left 4 Dead,???,False,False,True,True,False,False
The Swapper,???,True,False,False,True,True,True
Grim Fandango Remastered,???,False,False,True,False,False,False
KnightShift,???,False,False,True,False,False,False
Wild Warfare,???,False,False,False,True,False,False
Evoland,???,False,False,False,False,True,False
Hammerfight,???,False,False,False,False,True,False
Planetary Annihilation,???,True,False,True,False,False,False
PlanetSide 2 - Test,???,True,False,False,True,False,False
Mr.President!,???,False,False,True,False,False,False
Half-Life 2: Episode One,???,False,False,False,False,False,True
Baba Is You,???,False,False,False,True,False,False
Animal Super Squad,???,False,False,True,True,False,False
Rebuild 3: Gangs of Deadsville,???,False,False,False,True,False,False
Bloodstained: Curse of the Moon,???,False,False,True,False,False,False
DARK SOULS™ II,???,True,False,False,False,False,False
Prototype,???,False,False,True,False,False,False
Clatter,???,False,False,True,True,False,False
Figment,???,False,False,False,True,False,False
STAR WARS™ Republic Commando,???,False,False,False,True,False,False
River City Ransom: Underground,???,False,False,True,False,False,False
Tross,???,False,False,True,False,False,False
The Secret of Monkey Island: Special Edition,???,False,False,False,False,True,False
Realm Royale,???,False,False,False,True,False,False
Stationeers,$24.99,True,False,False,False,False,False
Might & Magic: Duel of Champions,$19.99,False,False,True,False,False,False
LEGO® Batman™ 3: Beyond Gotham,$14.99,False,False,False,True,False,False
Farming Simulator 17,$14.99,False,False,False,True,False,False
Sanctum 2,$17.99,True,False,False,True,False,False
Dark and Light,$19.99,False,False,False,True,False,False
Kinetic Void,$14.99,True,False,False,False,False,False
This Is the Police,$39.99,False,False,False,True,False,False
Spyro™ Reignited Trilogy,$9.99,False,False,False,True,False,False
"Papers, Please",$9.99,False,True,False,True,True,True
Fluffy Horde,$39.99,False,False,False,True,False,False
Age of Empires® III: Complete Collection,$9.99,False,False,True,True,True,False
Uurnog Uurnlimited,$9.99,False,False,True,False,False,False
Half-Life Deathmatch: Source,$19.99,False,False,False,False,False,True
Streets of Rogue,$24.99,True,False,False,False,False,False
Q.U.B.E. 2,$4.99,False,False,False,True,False,False
Divinity: Original Sin (Classic),$11.99,True,False,False,False,False,False
Devil Daggers,$9.99,False,False,True,False,False,True
Tower 57,$9.99,False,False,True,True,False,False
And Yet It Moves,$19.99,False,False,False,False,True,False
Hatoful Boyfriend,$2.99,False,False,False,False,True,False
PC Building Simulator,$14.99,False,False,False,False,True,False
Street Racing Syndicate,$5.99,False,False,True,False,False,False
Rock of Ages 2,$9.99,False,False,False,True,False,False
STAR WARS™ Jedi Knight: Dark Forces II,$59.99,True,False,False,True,False,False
Left 4 Dead 2,$29.99,True,True,True,True,True,True
No Man's Sky,$9.99,True,True,False,True,True,True
Cities: Skylines,$29.99,True,False,True,True,True,True
Spacebase DF-9 Prototype,$9.99,False,False,False,False,True,False
Fistful of Frags,$9.99,False,False,False,True,False,False
Slipstream,$9.99,False,False,False,True,False,False
Override,$9.99,False,False,False,True,False,False
Dwarfs!?,$9.99,True,False,False,False,False,False
Robot Roller-Derby Disco Dodgeball,$8.24,True,True,True,True,False,False
Sid Meier's Pirates!,$1.99,False,False,True,False,False,True
Thomas Was Alone,$9.99,True,False,False,False,False,False
Golf With Your Friends,$9.99,True,True,True,True,True,True
Forts,$29.99,False,False,True,True,False,False
DEEP SPACE WAIFU: NEKOMIMI,$9.99,False,False,True,False,False,False
DEFCON,$39.99,False,False,False,True,False,False
Proteus,$14.99,True,False,False,False,False,False
The Long Dark,$14.99,True,False,False,True,False,False
Sure Footing,$6.99,False,False,True,True,False,False
Sam & Max 303: They Stole Max's Brain!,$1.99,False,False,True,False,False,False
ONE PIECE PIRATE WARRIORS 3,$5.99,False,False,True,False,False,False
Interplanetary: Enhanced Edition,$4.99,False,False,True,True,False,False
Brütal Legend,$9.99,False,False,True,True,True,False
Flux8,$14.99,False,False,True,True,False,False
Indecision.,$29.99,False,False,True,True,False,False
Lost in the Dungeon,$19.99,False,False,True,True,False,False
Divide by Sheep,$19.99,False,False,False,True,False,False
Counter-Strike: Condition Zero,$12.99,False,False,False,True,False,False
The Textorcist: The Story of Ray Bibbia,$13.37,False,False,False,False,True,False
Sam & Max 305: The City that Dares not Sleep,$9.99,False,False,True,False,False,False
Resident Evil Revelations / Biohazard Revelations,$34.99,False,False,False,True,False,False
Celeste,$19.99,False,False,True,False,True,False
DARK SOULS™: Prepare To Die Edition,$14.99,True,False,False,False,False,False
Tom Clancy's Rainbow Six Siege,$9.99,False,False,True,False,False,True
Duck Game,$19.99,False,False,True,False,False,False
Majesty 2 Collection,$5.99,False,False,True,True,False,False
Hack 'n' Slash,$0.99,True,False,False,False,True,False
Risen 2 - Dark Waters,$14.99,True,False,True,False,False,False
Back to the Future: Ep 1 - It's About Time,$9.99,False,False,True,False,False,False
Mutant Year Zero: Road to Eden,$19.99,False,False,False,True,True,False
Sonic Mania,$19.99,False,False,False,True,False,False
HITMAN™,$29.99,False,False,False,True,True,False
Alan Wake,$5.49,False,False,False,False,True,False
planetarian ~the reverie of a little planet~,$14.99,False,False,True,False,False,False
The Turing Test,$1.99,False,False,False,False,True,False
Cogs,$4.99,False,False,False,True,True,False
Darkest Hour: Europe '44-'45,$19.99,True,False,False,False,False,False
The Deed,$29.99,False,False,True,False,True,False
Action Henk,$39.99,False,False,True,False,False,False
Hacknet,$19.99,False,True,True,True,False,False
Amnesia: The Dark Descent,$2.99,True,False,True,True,True,False
My Friend Pedro,$9.99,False,False,False,True,False,False
The Darkness II,$59.99,False,False,True,False,False,False
Paratopic,$19.99,True,False,False,True,False,False
Abyss Odyssey,$24.99,False,False,True,False,False,False
Deponia Doomsday,$19.99,False,False,True,False,False,False
Super Killer Hornet: Resurrection,$19.79,False,False,True,False,False,False
The LEGO® Movie - Videogame,$14.99,False,False,True,False,False,False
Pathfinder: Kingmaker,$9.99,False,False,False,True,False,False
Shadow Warrior,$24.99,False,False,True,False,False,False
Graveyard Keeper,$9.99,False,False,False,True,True,False
DEEP SPACE WAIFU: FANTASY,$7.99,False,False,True,True,False,False
Dear Esther: Landmark Edition,$5.99,True,False,False,False,True,False
Sid Meier's Civilization VI,???,False,False,True,True,True,True
Duskers,???,False,False,False,True,False,False
Hurtworld SDK,???,False,False,False,True,False,False
Dreamfall Chapters,???,False,False,False,False,True,False
Evolve Stage 2,???,False,False,True,False,False,False
Hades,???,False,False,True,False,False,False
Call of Duty: WWII,???,False,False,True,True,False,False
911 Operator,???,False,False,False,True,False,False
Dishonored,???,True,False,True,False,False,False
The Jackbox Party Pack 4,???,True,False,False,False,False,False
Tiny and Big: Grandpa's Leftovers,???,True,False,False,False,False,False
Slime Rancher,???,False,False,True,False,False,False
Lovers in a Dangerous Spacetime,???,False,False,False,True,False,False
Space Engineers,$19.99,False,False,False,True,False,False
Thimbleweed Park,$19.99,False,False,False,False,True,False
Lucius Demake,$4.99,False,False,True,True,False,False
West of Loathing,$10.99,False,False,False,False,True,False
Darkest Dungeon®,$24.99,True,False,False,False,False,False
Rome: Total War,$12.99,True,False,False,False,False,False
Viscera Cleanup Detail: Shadow Warrior,$9.99,False,False,True,False,False,False
Pirates of Black Cove Gold,$7.99,False,False,True,False,False,False
Magic 2015,$4.99,False,False,False,False,True,False
Hitman GO: Definitive Edition,$14.99,False,False,False,False,False,True
Morphblade,$24.99,False,False,True,False,False,False
SpeedRunners,$9.99,False,False,True,True,True,False
Book of Demons,$4.79,False,False,False,True,False,False
Hitman: Sniper Challenge,$9.99,True,False,False,False,False,False
Alien Spidy,$9.99,False,False,False,True,False,False
Monster Prom,$19.99,False,False,False,True,False,False
Spacebase DF-9,$7.99,False,False,False,False,True,False
Windward,$19.99,False,False,False,True,False,False
Mass Effect,$19.99,True,False,False,False,False,False
Superbrothers: Sword & Sworcery EP,$14.99,True,False,False,True,True,False
X-Morph: Defense,$19.99,False,False,False,True,False,False
Path of Exile,$19.99,True,False,True,True,True,False
The Journey Down: Chapter Three,$4.99,False,False,False,True,False,False
Magicka 2,$3.99,False,False,True,True,True,False
Tales of Symphonia,$9.99,False,False,True,True,False,False
Tomb Raider,$24.99,True,False,True,True,True,False
Don't Stand Out,$39.99,False,False,True,True,False,False
Afterfall InSanity Extended Edition,$2.49,False,False,True,False,False,False
Stronghold Crusader 2,$14.99,False,False,True,False,False,False
Sideway,$12.99,True,False,False,False,False,False
BELOW,$9.99,False,False,False,False,True,False
Galactic Civilizations III,$29.99,True,False,False,False,False,False
Hide and Shriek,$19.99,False,False,True,True,False,False
Bionic Dues,$19.99,False,False,True,False,False,False
VoidExpanse,$14.99,False,False,True,True,False,False
OlliOlli,$14.99,False,False,False,False,True,False
Lust from Beyond: Prologue,$44.99,False,False,True,False,False,False
Darwinia,$49.99,False,False,False,True,False,False
Fallout 4,$7.99,True,False,False,False,False,False
STAR WARS™: The Clone Wars - Republic Heroes™,$19.99,False,False,False,True,False,False
Steel Rats,$19.99,False,False,False,True,False,False
Super Crate Box,$39.99,False,False,False,False,True,False
Darksiders,$29.99,True,False,True,True,True,False
Aliens vs. Predator,$0.99,True,False,False,False,False,False
A Story About My Uncle,$9.99,False,False,True,True,False,False
Zombie Army Trilogy,$14.99,False,False,False,True,False,False
GOD EATER 2 Rage Burst,$7.99,False,False,False,True,False,True
A Short Hike,$39.99,False,False,False,True,True,False
Valnir Rok,$14.99,False,False,True,False,False,False
Vampire: The Masquerade - Bloodlines,$19.99,False,False,False,True,True,False
Alien: Isolation,$12.99,True,False,False,False,False,False
Seven: Enhanced Edition,$44.99,False,False,False,True,False,False
Barro,$4.99,False,False,True,False,True,False
LIMBO,$29.99,True,False,True,True,True,False
Guacamelee! Super Turbo Championship Edition,$19.99,False,False,True,False,False,False
Old Man's Journey,$14.99,False,False,False,True,False,False
GRID,$2.99,False,False,True,False,False,False
Rust,$29.99,False,False,True,False,True,False
Back to the Future: Ep 2 - Get Tannen!,$4.99,False,False,True,False,False,False
Infinity Wars - Animated Trading Card Game,$19.99,False,False,True,False,False,False
Sacred 3,$19.99,False,False,True,False,False,False
DiRT Rally,$9.99,False,False,True,False,False,True
I am Bread,$9.99,False,False,True,False,True,False
World of Tanks Blitz,$9.99,False,False,False,False,True,True
DayZ,$14.99,True,False,False,False,False,False
Cube Link,$9.99,False,False,True,True,False,False
GUILTY GEAR Xrd -SIGN-,$14.99,False,False,False,True,False,False
Cuphead,$14.99,False,False,False,False,True,False
Serial Cleaner,$19.99,False,False,True,True,True,False
Half-Life 2: Lost Coast,$1.24,False,False,False,False,False,True
YOU DON'T KNOW JACK Vol. 2,$14.99,False,False,False,False,True,False
Battle Chasers: Nightwar,$3.99,False,False,False,False,True,False
Puzzle Agent,$2.24,False,False,True,False,False,False
Grand Theft Auto IV: The Complete Edition,$9.99,True,False,False,False,False,False
Killing Floor Mod: Defence Alliance 2,$19.99,True,False,True,False,False,False
Borderlands 2,$14.99,True,True,True,True,True,True
King Arthur's Gold,$19.99,False,False,False,True,False,False
Fallout 3,$4.99,False,False,False,False,False,True
Risk of Rain,$2.49,True,False,True,True,False,False
"Star Wars: Battlefront 2 (Classic, 2005)",$6.99,False,False,False,True,False,False
Gone Home,$9.99,True,False,False,False,True,False
Party Hard,$29.99,False,False,True,True,False,False
A Valley Without Wind 2,$19.99,False,False,False,False,True,False
Mindball Play,???,False,False,True,True,False,False
Crysis,???,True,False,False,True,False,False
Freedom Force,???,False,False,True,False,False,False
Hell Yeah!,???,False,False,True,False,True,False
Spirits,???,False,False,False,True,False,False
Moon Hunters,???,False,False,False,True,False,True
198X,???,False,False,False,True,False,False
The Technomancer,???,False,False,True,False,False,False
Viking: Battle for Asgard,???,False,False,True,False,False,False
CryoFall,???,False,False,False,True,False,False
Thirty Flights of Loving,???,True,False,False,False,True,False
Might & Magic: Clash of Heroes,???,False,False,False,False,True,False
Deus Ex: Game of the Year Edition,???,True,False,False,False,False,False
Nidhogg,???,True,False,True,False,False,False
Bear With Me - Collector's Edition,???,False,False,True,True,False,True
Prison Architect,???,False,False,True,True,False,False
Planetary Annihilation: TITANS,???,True,False,False,True,False,False
Monaco,$4.49,True,False,True,True,True,True
Yet Another Zombie Defense HD,$3.99,False,False,True,False,False,False
To the Moon,$9.99,False,False,False,True,True,False
Tilt Brush,$19.99,True,False,False,True,False,False
Sniper Elite,$7.99,False,False,False,True,False,False
PLANET ALPHA,$19.99,False,False,False,True,False,False
Quake Live,$9.99,True,False,False,False,False,False
Reprisal Universe,$6.99,False,False,False,False,False,True
Toribash,$5.99,False,False,False,True,False,False
STAR WARS™: Dark Forces,$14.99,True,False,False,True,False,False
Broforce,$14.99,False,True,True,True,False,True
No Time To Explain Remastered,$19.99,False,False,True,True,True,False
Galactic Civilizations II: Ultimate Edition,$1.99,True,False,True,False,False,False
Super Steampunk Pinball 2D,$19.99,False,False,True,True,False,False
Crysis Warhead,$9.99,False,False,False,True,False,False
Uplink,$9.99,False,False,False,True,False,False
Fallout 2,$14.99,False,False,False,True,False,False
Aviary Attorney,$9.99,False,False,False,True,False,True
Volgarr the Viking,$24.99,False,False,True,False,True,False
Fallen Enchantress: Legendary Heroes,$24.99,True,False,False,False,False,False
Total War: EMPIRE - Definitive Edition,$4.99,True,False,False,False,False,False
Space Pilgrim Episode I: Alpha Centauri,$19.99,False,False,True,True,False,False
Stick Fight: The Game,$5.99,True,False,True,True,False,False
Eternal Senia,$12.99,False,False,True,False,False,False
LEGO® Batman™ 2: DC Super Heroes,$19.99,False,False,True,False,False,False
The Warlock of Firetop Mountain,$14.99,False,False,False,True,False,False
All Guns On Deck,$2.49,False,False,True,False,False,False
Vanquish,$19.99,False,False,True,False,False,False
Unturned,$39.99,True,True,False,False,True,False
Mortal Kombat Kollection,$23.99,False,False,False,True,False,False
Sunrider: Mask of Arcadius,$4.99,False,False,True,False,False,False
Vicious Circle,$49.99,False,False,False,False,False,True
Machinarium,$39.99,False,False,False,True,True,False
ISLANDERS,$59.99,False,False,False,False,False,True
Samorost 3,$19.99,False,False,False,True,False,False
Crash Bandicoot™ N. Sane Trilogy,$29.99,False,False,False,True,True,False
Eternal Card Game,$29.99,False,False,False,False,True,False
Legend of Grimrock 2,$9.99,False,False,True,False,False,False
Fieldrunners,$14.99,False,False,False,True,False,False
ARK: Survival Evolved,$3.99,True,False,False,True,False,False
Halo: The Master Chief Collection,$14.99,True,False,True,True,False,False
Assassin's Creed Odyssey,$9.99,True,False,False,False,False,False
Red Faction: Armageddon,$0.99,True,False,False,False,True,False
PLAYERUNKNOWN'S BATTLEGROUNDS,$4.99,True,True,False,True,True,True
Influent,$9.99,False,False,True,False,True,False
Sniper Elite 3,$14.99,True,False,False,True,False,True
Goat Simulator,$4.99,False,True,True,True,False,False
Ragnarok Online 2,$9.99,False,False,True,False,False,False
Gratuitous Space Battles,$5.99,False,False,False,True,True,False
Dungeon Escape,$9.99,False,False,True,True,False,False
Serious Sam Fusion 2017 (beta),$19.99,True,False,False,True,False,False
Sid Meier's Railroads!,$0.99,False,False,False,False,False,True
Blood and Bacon,$1.99,False,False,True,False,False,False
Little Pink Best Buds Prototype,$19.99,False,False,False,False,True,False
Sid Meier's Civilization IV: Warlords,$0.99,False,False,False,False,False,True
Train Valley,$9.99,False,False,True,False,False,False
Rogue Legacy,$29.99,True,False,False,False,True,False
INK,$14.99,False,False,False,True,False,False
Risen,$19.99,False,False,True,False,False,False
Starseed Pilgrim,$19.99,False,False,False,True,True,False
War Thunder,$29.99,True,False,False,False,False,False
PUSS!,$19.99,False,False,False,True,False,False
Baldur's Gate II: Enhanced Edition,$19.99,False,False,False,True,False,False
Nephise Begins,$1.29,False,False,True,False,True,False
David.,$19.99,False,False,False,False,True,False
Sid Meier's Civilization IV,$19.99,False,False,False,False,False,True
Project Mercury,$9.99,False,False,True,False,True,False
Diaries of a Spaceport Janitor,$19.99,False,False,True,False,False,False
11-11 Memories Retold,$11.99,False,False,False,True,False,False
Counter-Strike: Global Offensive,$39.99,True,True,True,True,True,True
Into the Breach,$14.99,True,False,False,True,True,True
METAL GEAR SOLID V: GROUND ZEROES,$24.99,True,False,False,True,False,False
This War of Mine,$9.99,True,False,True,False,False,False
Emily is Away,$9.99,False,False,False,False,True,False
Steep,$19.99,False,False,False,False,True,False
Batman™: Arkham Origins Blackgate - Deluxe Edition,$16.99,False,False,False,True,False,False
The Testament of Sherlock Holmes,$19.99,False,False,True,False,False,False
ARK: Survival Of The Fittest,$9.99,True,False,False,True,False,False
Zombie Night Terror,$19.99,False,False,False,True,False,False
Recettear: An Item Shop's Tale,$9.99,False,False,True,False,False,False
Cities in Motion 2,$9.99,False,False,True,True,False,False
RollerCoaster Tycoon 2: Triple Thrill Pack,$29.99,False,False,True,False,False,False
Ori and the Blind Forest: Definitive Edition,$39.99,False,False,True,True,False,False
Pizza Titan Ultra,$13.99,False,False,True,True,False,False
Serious Sam 3: BFE,???,True,False,False,True,False,False
Aaero,???,False,False,False,True,False,False
SUPERHOT,???,True,False,True,True,False,False
GOAT OF DUTY,???,False,True,True,True,True,False
Chasm,???,False,False,False,True,True,False
Darksiders Warmastered Edition,???,True,False,True,True,True,False
Subterrain,???,False,False,False,True,False,True
Red Faction Guerrilla Re-Mars-tered,???,False,False,False,True,False,False
Tropico 3 - Steam Special Edition,???,False,False,True,False,False,False
Torchlight II,???,True,False,True,True,True,False
Sorcery! Part 3,???,False,False,True,True,False,False
Audiosurf,???,True,False,False,False,False,False
Kingdom Come: Deliverance,???,True,False,False,True,False,False
Stellaris,???,False,False,True,True,False,False
Battlerite Public Test,???,False,False,False,False,True,False
Lethal League,???,False,False,True,False,False,False
DEEP SPACE WAIFU: WORLD,$2.99,False,False,True,False,False,False
EDGE,$6.99,False,False,False,True,False,False
Universe Sandbox Legacy,$6.99,True,False,False,False,False,False
ShellShock Live,$9.99,False,False,True,False,False,False
Intrusion 2,$7.99,True,False,False,False,False,False
The Haunting of Billy,$9.99,False,False,True,True,False,False
Avadon: The Black Fortress,$29.99,False,False,False,True,False,False
Total War: SHOGUN 2,$9.99,True,False,True,False,False,False
Republique,$19.99,False,False,True,False,False,False
Transpose,$14.99,False,False,True,False,False,False
Mr Shifty,$14.99,False,False,False,True,False,False
Far Cry® 3 Blood Dragon,$29.99,True,False,False,False,False,False
Outlast 2,$19.99,False,True,False,True,False,False
Company of Heroes 2,$9.99,True,False,True,False,False,False
Red Faction: Guerrilla Steam Edition,$14.99,False,False,False,True,False,False
Saints Row: The Third,$4.99,True,False,False,True,True,False
Worms Revolution,$29.99,True,False,False,True,False,False
Sid Meier's Civilization IV: Warlords,$19.99,False,False,False,False,False,True
NBA 2K16,$0.84,False,False,True,False,False,False
Remember Me,$9.99,False,False,True,False,False,False
Supraball,$9.99,False,False,True,False,False,False
Fallout 3 - Game of the Year Edition,$19.99,False,False,False,True,False,False
DISTRAINT: Deluxe Edition,$4.99,False,False,True,False,False,False
The Bridge,$9.99,False,False,True,False,False,False
Splice,$24.99,False,False,False,True,False,False
Last Day of June,$14.99,False,False,False,True,False,True
Enclave,$39.99,False,False,True,False,False,False
Escape Goat 2,$39.99,False,False,False,False,True,False
Subnautica,$9.99,True,False,False,False,False,False
FORCED,$29.99,False,False,True,True,False,False
GOD EATER RESURRECTION,$19.99,False,False,False,True,False,True
Borderlands: The Pre-Sequel,$9.99,True,False,True,True,True,False
Dying Light,$19.99,True,False,False,False,True,False
Throne of Lies® The Online Game of Deceit,$19.99,False,False,True,False,False,False
MONSTER HUNTER: WORLD,$14.99,True,False,False,False,False,False
Sleeping Dogs: Definitive Edition,$2.99,False,False,True,True,False,False
Tom Clancy's Splinter Cell,$4.99,False,False,False,False,False,True
Sid Meier's Civilization IV: Colonization,$2.99,False,False,False,False,False,True
Tom Clancy's Ghost Recon Phantoms - NA,$39.99,True,False,False,False,False,False
Tabletop Simulator,$14.99,False,False,True,True,True,True
Stardew Valley,$9.99,False,False,True,True,True,True
Future Proof,$1.99,False,False,True,True,False,False
VVVVVV,$14.99,True,False,False,True,True,True
Keyboard Killers,$9.99,False,False,True,False,False,False
Shovel Knight: Treasure Trove,$19.99,False,False,False,True,True,False
Convoy,$19.99,False,False,True,True,False,False
Roguelands,$14.99,False,False,True,False,False,False
Portal 2 - The Final Hours,$19.99,False,False,False,False,True,False
PAC-MAN™ CHAMPIONSHIP EDITION 2,$14.99,False,False,True,True,False,False
Dead Island,$9.99,True,False,True,False,False,False
Eufloria HD,$19.99,False,False,False,True,False,False
Race The Sun,$19.99,False,False,True,True,False,False
Verdun,$19.99,False,False,False,True,False,False
Full Metal Furies,$29.99,False,False,False,True,False,False
Cave Story+,$9.99,False,False,False,False,True,False
Company of Heroes: Opposing Fronts,$9.99,True,False,False,False,True,False
Bad North,$14.99,False,False,False,True,True,False
Two Worlds: Epic Edition,$1.99,False,False,True,False,False,False
Killing Floor 2 - SDK,$29.99,True,False,False,True,False,False
Dangerous Golf,$6.99,False,False,True,False,False,False
STAR WARS™ Empire at War: Gold Pack,$19.99,False,False,False,True,False,False
Cultist Simulator,$39.99,False,False,False,True,False,False
Grand Theft Auto V,$7.49,True,False,True,False,False,False
Game Dev Studio,$9.99,False,False,True,True,False,False
Wormhole City,$39.99,False,False,True,False,False,False
DUCATI - 90th Anniversary,$9.99,False,False,False,True,False,False
RIVE,$9.99,False,False,True,False,False,False
Squidlit,$14.99,False,False,True,True,False,False
3DMark,$19.99,True,False,False,False,False,False
Eat All The Things,$24.99,False,False,True,False,False,False
HELLDIVERS™,$39.99,False,False,True,False,False,False
Hearts of Iron IV,$39.99,False,False,True,True,False,False
Dirty Bomb,$14.99,True,False,False,False,False,False
MOTHERGUNSHIP,$19.99,False,False,False,True,False,False
Runestone Keeper,$9.99,False,False,True,False,False,False
DARK SOULS™ II: Scholar of the First Sin,$19.99,False,False,True,False,False,False
Blackwake,$7.99,False,False,True,True,False,False
Tom Clancy's Rainbow Six Siege - Test Server,$14.99,False,False,True,False,False,True
The Norwood Suite,$19.99,False,False,False,True,False,True
BIT.TRIP Presents... Runner2: Future Legend of Rhythm Alien,$19.99,False,False,False,False,True,False
Destiny 2,$9.99,True,True,True,True,True,True
Mount & Blade: Warband,$14.99,True,False,False,True,False,False
Faeria,$19.99,False,False,True,False,False,False
Sins of a Solar Empire: Rebellion,$59.99,True,False,True,True,False,False
The Talos Principle,$39.99,False,False,False,False,True,True
Kingdom: New Lands,$59.99,False,False,False,False,True,False
Road Redemption,???,False,False,False,True,False,False
Shadow Warrior Classic Redux,???,False,False,False,False,True,False
STAR WARS™: The Force Unleashed™ Ultimate Sith Edition,???,False,False,False,True,False,False
Still Life 2,???,False,False,True,False,False,False
Metro: Last Light,???,True,False,False,False,False,False
Europa Universalis III,???,True,False,True,True,False,False
"Sir, You Are Being Hunted",???,True,False,False,False,False,False
Dead Rising 2,???,False,False,True,False,False,False
Fidel Dungeon Rescue,???,False,False,True,False,False,False
Splasher,???,False,False,False,True,False,True
Euro Truck Simulator 2,???,True,False,True,False,False,False
DARK SOULS™ III,???,True,False,False,True,False,True
BATTLETECH,???,False,False,True,True,False,False
Sniper Elite 4,???,False,False,False,True,False,False
XCOM 2,$59.99,True,False,False,False,True,False
SUPERHOT VR,$24.99,True,False,False,False,False,False
STAR WARS™ Starfighter™,$5.99,False,False,False,True,False,False
Knights and Merchants,$6.99,False,False,True,False,False,False
We Were Here,$14.99,False,False,True,False,False,False
Totally Reliable Delivery Service Beta,$39.99,False,False,True,False,False,False
The Walking Dead: A New Frontier,$9.99,False,False,True,False,False,False
Pillars of Eternity II: Deadfire,$19.99,False,False,False,True,False,False
Zero G Arena,$9.99,False,False,True,True,False,False
Dead by Daylight,$14.99,False,False,False,False,True,False
Surgeon Simulator,$3.99,False,True,False,False,False,True
The Uncertain: Last Quiet Day,$4.99,False,False,True,False,False,False
Sundered: Eldritch Edition,$14.99,False,False,False,True,False,False
Racer 8,$14.99,False,False,True,False,False,False
Dicey Dungeons,$11.99,False,False,True,False,False,False
PAYDAY: The Heist,$14.99,True,False,False,False,False,False
FINAL FANTASY VII,$9.99,False,False,False,True,False,False
Bully: Scholarship Edition,$3.74,False,False,False,False,True,False
Sid Meier's Civilization IV: Beyond the Sword,$19.99,False,False,False,False,False,True
Stories: The Path of Destinies,$39.99,False,False,True,False,False,False
TrackMania Nations Forever,$19.99,True,False,False,False,False,False
Yakuza Kiwami,$9.99,False,False,False,True,False,False
Deus Ex: Human Revolution,$34.99,True,False,False,False,False,False
Dungeons 3,$9.99,False,False,False,True,False,False
Tacoma,$9.99,False,False,False,True,True,True
HITMAN™ 2,$2.99,False,False,False,False,True,True
Wasteland Angel,$5.99,True,False,False,False,False,False
The Bard's Tale IV: Director's Cut,$14.99,False,False,False,False,True,False
Marvel Heroes Omega,$9.99,False,False,False,False,True,False
Awesomenauts,$9.99,True,False,False,False,False,False
Magicka,$12.99,True,False,True,True,False,False
Lakeview Cabin Collection,$15.99,False,False,True,True,False,False
#WarGames,$24.99,False,False,False,False,True,False
Marvin's Mittens,$2.99,False,False,True,True,False,False
BattleBlock Theater,$14.99,False,False,True,True,False,False
Evergarden,$9.99,False,False,False,True,False,False
Shatter,$3.74,False,False,False,True,True,False
Pikuniku,$19.99,False,False,False,True,False,False
Dear Esther,$19.99,True,False,False,False,True,False
Wizard of Legend,$19.99,True,False,False,True,True,False
Overcooked! 2,$19.99,False,False,True,True,False,False
LOVE,$19.99,False,False,True,True,False,False
Prismata,$9.99,False,False,True,False,False,False
Whispers of a Machine,$29.99,False,False,False,True,True,False
Air Forte ,$14.99,False,False,False,False,True,False
Jotun: Valhalla Edition,$14.99,False,False,True,False,True,False
Risk of Rain 2,$7.99,True,False,True,True,False,False
Batman: Arkham City GOTY,$19.99,True,False,False,True,False,True
Lara Croft and the Temple of Osiris,$2.99,False,False,True,False,False,False
Arma 2: Operation Arrowhead Beta (Obsolete),$4.99,True,False,False,False,True,False
LEGO® The Lord of the Rings™,$29.99,False,False,True,False,False,False
Volume,$29.99,False,False,True,False,False,False
Lost Castle,$4.99,False,False,False,True,False,True
My Time At Portia,$44.99,False,False,False,True,False,False
Patrician IV: Steam Special Edition,$19.99,False,False,True,False,False,False
Anomaly 2,$1.29,False,False,True,True,False,False
Getting Over It with Bennett Foddy,$19.99,False,False,False,True,False,False
Tower Unite,$16.99,False,False,True,True,False,False
Giana Sisters: Twisted Dreams,$29.99,False,False,False,True,False,False
Memories of a Vagabond,$9.99,False,False,True,False,False,False
Deus Ex: Mankind Divided™,$4.99,True,False,True,True,False,True
"Warhammer 40,000: Mechanicus",$19.99,False,False,False,True,False,False
The Tiny Bang Story,$19.79,False,False,True,False,False,False
Divinity: Original Sin 2,$29.99,True,False,False,True,True,True
Little Nightmares,$9.99,False,False,False,True,True,False
Sam & Max 301: The Penal Zone,$0.89,False,False,True,False,False,False
Pathologic Classic HD,$9.99,False,False,True,True,False,False
Pyre,$9.99,False,False,True,False,False,False
Unrailed!,$24.99,False,False,False,True,False,False
Elite Dangerous,$7.49,True,False,False,False,False,False
Gunpoint,$19.99,True,False,False,False,False,True
Gamecraft,$19.99,False,False,True,False,False,False
Staxel,$2.99,False,False,False,True,False,False
Call of Duty: WWII - Multiplayer,$14.99,False,False,True,True,False,False
Life is Strange™,$19.99,False,False,True,True,True,False
Tyranny,$14.99,False,False,False,True,False,False
Card Hunter,$9.99,False,False,True,False,False,False
Osmos,$19.99,False,False,False,True,True,False
Terra Lander Remastered,$9.99,False,False,True,False,False,False
The Banner Saga: Factions,$9.99,False,False,False,False,True,False
Waking Mars,$19.99,False,False,False,True,False,False
Hammerwatch,$29.99,False,True,False,False,False,False
Chivalry: Medieval Warfare,$14.99,True,False,True,True,False,False
Blacksmith,???,False,False,True,True,False,False
SYNTHETIK,???,False,False,False,True,False,False
Vessel,???,False,False,False,True,True,False
YOU DON'T KNOW JACK Vol. 1 XL,???,False,False,False,False,True,False
Elsword,???,False,False,True,False,False,False
Screencheat,???,False,False,False,True,False,False
Company of Heroes - Legacy Edition,???,True,False,True,False,True,False
Cloudborn,???,False,False,True,True,False,False
GNOG,???,True,False,False,True,False,False
Titan Quest Anniversary Edition,???,True,False,True,True,True,False
Conan Exiles - Testlive Client,???,False,False,True,True,False,False
Lara Croft GO,???,False,False,False,True,False,True
Almost There: The Platformer,???,False,False,False,True,False,False
Tannenberg,???,False,False,False,True,False,False
Mare Nostrum,???,True,False,False,False,False,False
Hellblade: Senua's Sacrifice,???,False,False,False,True,True,False
Bastion,???,True,False,False,True,True,False
DEEP SPACE WAIFU: FLAT JUSTICE,$1.99,False,False,True,False,False,False
Anomaly Warzone Earth,$9.99,False,False,True,True,False,False
Dead Island Definitive Edition,$19.99,False,False,False,True,False,False
The Jackbox Party Pack 3,$24.99,True,False,False,False,True,True
Shadow Complex Remastered,$14.99,False,False,True,False,False,False
Poker Night at the Inventory,$4.99,False,False,True,False,False,False
Receiver,$14.99,True,False,False,False,False,False
The Last Remnant,$0.49,False,False,True,False,False,False
The Binding of Isaac: Rebirth,$9.99,False,False,False,True,False,False
Out There Somewhere,$14.99,False,False,False,False,True,False
Shantae: Risky's Revenge - Director's Cut,$12.99,False,False,False,False,True,False
Don't Starve Together,$19.99,True,False,True,True,True,True
"Warhammer 40,000: Dawn of War - Game of the Year Edition",$59.99,True,False,False,False,True,False
BRINK,$19.99,True,False,False,False,False,False
Command and Conquer: Red Alert 3,$19.99,False,False,False,False,True,False
Robocraft,$14.99,True,False,False,False,False,False
STAR WARS Jedi: Fallen Order™ ,$1.99,False,False,False,True,False,False
Duke Nukem 3D: Megaton Edition,$9.99,False,False,False,False,True,False
DOOM,$9.99,True,False,False,False,False,False
Metro 2033,$9.99,True,False,True,False,True,False
S.T.A.L.K.E.R.: Call of Pripyat,$14.99,True,False,False,False,False,False
Human: Fall Flat,$30.00,False,False,True,True,False,False
The Fall,$19.99,False,False,False,False,True,False
STAR WARS™ Jedi Knight: Jedi Academy™,$14.99,True,False,False,True,False,False
"Cook, Serve, Delicious!",$9.99,False,False,False,True,False,False
Freaky Awesome,$9.99,False,False,True,True,False,False
The Cave,$29.99,False,False,True,False,False,False
Factorio,$19.99,True,False,False,True,False,False
Yakuza 0,$14.99,False,False,False,True,False,False
Ultimate Chicken Horse,$4.99,False,False,True,False,False,False
Survived By,$5.99,False,False,False,False,True,False
STAR WARS™ Knights of the Old Republic™ II: The Sith Lords™,$14.99,True,False,False,True,False,False
Back to the Future: Ep 5 - OUTATIME,$7.99,False,False,True,False,False,False
Fight'N Rage,$9.99,False,False,False,True,False,False
XCOM: Enemy Unknown,$29.99,True,False,True,False,True,True
Telling Lies,$9.99,False,False,False,False,True,False
Guild of Dungeoneering,$4.99,False,False,False,True,False,False
Kind Words,$9.99,False,False,False,True,False,False
Radical Heights,$11.99,False,False,False,False,True,True
Detective Case and Clown Bot in: Murder in the Hotel Lisbon,$9.99,False,False,True,True,False,False
Shadowrun Returns,$19.99,True,False,False,False,True,False
Jet Set Radio,$14.99,False,False,True,False,True,False
Counter-Strike: Condition Zero Deleted Scenes,$14.99,False,False,False,True,False,False
Observer,$4.99,False,False,False,True,False,False
STAR WARS™: Knights of the Old Republic™,$14.99,True,False,False,True,True,False
The Binding of Isaac,$24.99,True,False,False,True,True,False
Shiness: The Lightning Kingdom,$2.99,False,False,True,True,False,False
Love is Dead,$29.99,False,False,False,True,False,False
Fallout Tactics,$4.99,False,False,False,True,False,False
Far Cry® 3,$0.74,True,False,False,False,False,False
Call of Juarez Gunslinger,$10.99,False,False,False,False,True,False
Brothers - A Tale of Two Sons,$2.99,True,False,True,True,False,False
SIMULACRA,$19.99,False,False,True,False,False,False
Steed Prototype,$14.99,False,False,False,False,True,False
In memory of TITAN,$19.99,False,False,True,True,False,False
7 Days to Die,$29.99,True,False,False,True,False,False
YOU DON'T KNOW JACK Vol. 4 The Ride,$1.99,False,False,False,False,True,False
Mafia II,$19.99,True,False,True,False,False,False
A Good Snowman Is Hard To Build,$9.99,False,False,False,True,False,False
Guns of Icarus Online,$14.99,True,False,True,True,False,False
I’m not a Monster,$19.99,False,False,False,True,False,False
Windosill,$39.99,False,False,False,False,True,False
AI War 2,$29.99,False,False,False,True,False,False
Dungeon Defenders,$14.99,False,False,False,False,True,False
Aegis Defenders,$24.99,False,False,False,True,False,False
Truberbrook,$39.99,False,False,False,True,False,False
Hyperdrive Massacre,$14.99,False,False,True,True,False,False
Umbrella Corps™ / Biohazard Umbrella Corps™,$19.99,False,False,True,False,False,False
Terraria,$19.99,False,False,False,True,False,False
SteamWorld Heist,$14.99,False,False,False,True,False,False
LEGO® Batman™: The Videogame,$9.99,False,False,True,False,False,False
The Elder Scrolls V: Skyrim Special Edition,$14.99,True,True,False,False,False,True
Borderlands GOTY,$19.99,True,False,True,True,True,False
Kiln Prototype,$19.99,True,False,False,False,False,False
Binary Domain,$34.99,False,False,True,False,False,False
Owlboy,$29.99,False,False,True,True,True,True
Hunt: Showdown,$14.99,True,False,False,False,True,False
Headsnatchers,$19.99,False,False,True,False,True,False
Dead Cells,$14.99,False,False,False,False,True,False
Avernum 3: Ruined World,$14.99,False,False,False,True,False,False
Stealth Inc 2,$14.99,False,False,False,True,False,False
Costume Quest,$14.99,False,False,False,False,True,False
TumbleSeed,$19.99,False,False,False,False,True,False
Styx: Shards of Darkness,$7.99,False,False,True,True,False,True
Batman™: Arkham Origins,$19.99,False,False,False,True,False,True
RimWorld,$8.99,True,False,False,False,False,False
DmC Devil May Cry,Free,False,False,True,False,False,False
The Awesome Adventures of Captain Spirit,$39.99,False,False,True,False,False,False
Kabounce,???,False,False,True,True,False,False
Dead In Vinland,???,False,False,False,True,False,False
The Walking Dead: Michonne,???,False,False,True,False,False,False
Dandara: Trials of Fear Edition,???,False,False,False,True,False,False
Castle Crashers,???,False,False,False,False,True,True
Super Time Force Ultra,???,False,False,True,False,False,False
Crayon Physics Deluxe,???,False,False,False,True,True,False
Phantom Doctrine,???,False,False,False,True,False,False
Batman™: Arkham Knight,???,False,False,False,True,False,False
Acceleration of SUGURI 2,???,False,False,True,True,False,False
Showdown Bandit,???,False,False,True,False,False,False
The Dwarves,???,False,False,False,True,False,False
Do Not Feed the Monkeys,$11.99,False,False,False,True,False,False
Sword Legacy Omen,$17.99,False,False,False,True,False,False
Bridge Constructor,$9.99,False,False,False,False,False,True
Atom Zombie Smasher ,$9.99,False,False,False,False,True,False
SpaceChem,$9.99,False,False,False,True,False,False
LEGO® Harry Potter: Years 1-4,$19.99,False,False,True,False,False,False
Botanicula,$9.99,False,False,False,False,True,False
BioShock 2,$19.99,True,False,False,False,False,False
Depth,$2.99,False,False,False,True,False,False
LiEat,$5.99,False,False,True,False,False,False
Arcanum,$19.99,False,False,False,True,False,False
MASSIVE CHALICE,$19.99,False,False,False,False,True,False
Amnesia: A Machine for Pigs,$9.99,False,False,True,False,False,False
NightSky,$4.99,True,False,False,False,True,False
Samorost 2,$14.99,False,False,False,False,True,False
Unit 4,$4.99,False,False,True,False,False,False
Rust - Staging Branch,$19.99,False,False,True,False,True,False
Magicka 2: Spell Balance Beta,$14.99,False,False,True,True,True,False
DiRT 3 Complete Edition,$9.99,False,False,True,False,False,False
Ticket to Ride: First Journey,$4.99,False,False,True,False,False,False
Rising Storm/Red Orchestra 2 Multiplayer,$39.99,True,False,True,False,False,False
Deiland,$6.99,False,False,True,False,False,False
Ryse: Son of Rome,$19.99,False,False,True,False,False,False
Organ Trail: Director's Cut,$1.99,False,False,False,False,True,False
Conan Exiles,$4.99,False,False,True,True,False,False
100% Orange Juice,$14.95,False,False,True,False,True,False
The Witcher 2: Assassins of Kings Enhanced Edition,$19.99,True,False,False,True,False,False
Hunt: Showdown (Test Server),$29.99,True,False,False,False,True,False
Hard Reset Redux,$6.99,False,False,False,True,False,False
Commandos 3: Destination Berlin,$9.99,False,False,False,False,False,True
Condemned: Criminal Origins,$14.99,False,False,True,False,False,False
LEGO® The Hobbit™,$29.99,False,False,True,True,True,False
Uncharted Waters Online: Episode Atlantis,$39.99,False,False,True,False,False,False
The Jackbox Party Pack 5,$14.99,True,False,False,False,False,False
Genital Jousting,$19.99,False,False,True,False,False,False
Drawful 2,$19.99,False,False,True,False,True,False
The Final Station,$9.99,False,False,False,True,False,False
Surviving Mars,$10.79,False,False,False,True,False,False
Mnemonic Prototype,$4.99,False,False,False,False,True,False
Red Orchestra 2: Heroes of Stalingrad - Single Player,$14.99,True,False,False,False,False,False
Squad,$14.99,False,False,False,True,False,False
Lone Survivor: The Director's Cut,$9.99,True,False,False,True,True,False
The Vanishing of Ethan Carter,$9.99,False,False,True,False,False,False
Quake Champions,$6.99,False,False,True,False,False,False
Sam & Max 302: The Tomb of Sammun-Mak,$14.99,False,False,True,False,False,False
Assetto Corsa,$39.99,True,False,False,False,False,False
Capsized,$29.99,True,False,False,False,False,False
Rabi-Ribi,$9.99,False,False,True,False,False,False
Zen Bound® 2,$14.99,False,False,False,True,False,False
Legend of Grimrock,$19.99,True,False,False,False,False,False
The Flame in the Flood,$9.99,False,False,True,True,True,True
Rochard,$29.99,False,False,False,True,True,False
Hearts of Iron III,$59.99,False,False,True,True,False,False
Just Cause,$9.99,False,False,True,False,False,False
God's Trigger,$9.99,False,False,False,True,False,False
NieR:Automata™,$29.99,True,False,True,False,False,False
Warhammer: Vermintide 2,$9.99,True,False,True,True,True,False
Counter-Strike,$6.99,False,False,False,True,False,False
Sacred 2 Gold,$29.99,True,False,False,False,False,False
Damned,$9.99,True,False,False,False,False,False
Garry's Mod,$0.99,True,True,True,True,False,False
Arma 2: DayZ Mod,$1.99,True,False,False,False,False,False
Warhammer: End Times - Vermintide,$11.99,False,False,True,True,True,False
Total War: ROME II - Emperor Edition,$19.99,True,False,False,False,False,False
Pixel Puzzles Ultimate,$14.99,False,False,True,False,False,False
Mount & Blade: With Fire and Sword,$12.99,True,False,False,False,False,False
Space Pirates and Zombies,$19.99,False,False,False,True,True,False
Borderlands GOTY Enhanced,$29.99,True,False,True,True,True,False
Jamestown,$29.99,True,False,False,True,True,False
Tomb Raider III: Adventures of Lara Croft,$19.95,False,False,True,False,False,False
Project CARS,$6.99,True,False,False,False,False,False
Autobahn Police Simulator,$19.99,False,False,True,False,False,False
Arcade Moonlander,$1.99,False,False,True,False,False,False
Temple of Xiala,$9.99,False,False,True,False,False,False
She Remembered Caterpillars,$9.99,False,False,False,True,False,False
Street Fighter V,$9.99,False,False,False,True,False,False
"Gremlins, Inc.",$9.99,False,False,False,True,False,False
Okhlos: Omega,$5.99,False,False,True,False,False,False
Horizon Chase Turbo,$9.99,False,False,False,True,False,False
Dead Rising 4,$39.99,False,False,False,True,False,True
Endless Legend™ - Emperor Edition,$19.99,False,False,False,True,False,False
Immortal Redneck,$24.99,False,False,False,True,False,False
Battlerite,$19.99,False,False,False,False,True,False
Tomb Raider I,$29.99,False,False,True,False,False,False
Age of Empires II (2013),$39.99,True,False,True,True,True,False
Dota Underlords,???,True,False,False,False,True,False
Choice Chamber,???,False,False,True,False,False,False
Tom Clancy's Splinter Cell: Double Agent,???,False,False,False,False,False,True
Brawlhalla,???,True,False,True,False,False,False
Distance,???,False,False,True,True,False,False
Fahrenheit: Indigo Prophecy Remastered,???,True,True,True,True,False,False
Beatbuddy: Tale of the Guardians,???,False,False,False,True,True,False
Indiana Jones and the Fate of Atlantis,???,False,False,False,False,True,False
Indie Game: The Movie,???,False,False,False,False,True,False
Disco Elysium,???,False,False,False,True,True,False
Layers of Fear,???,False,False,True,False,False,False
Dark Future: Blood Red States,???,False,False,False,True,False,False
"Invisible, Inc.",???,False,False,False,False,False,True
Dishonored®: Death of the Outsider™ ,???,False,False,False,False,True,False
"Warhammer 40,000: Dawn of War III",???,False,False,False,True,False,False
Natural Selection 2,$9.99,True,False,False,True,False,False
HELLION,$14.99,False,False,True,False,True,False
Polyball,$4.99,False,False,True,False,False,False
Deep Dungeons of Doom,$34.99,False,False,True,False,False,False
Gothic Playable Teaser,$9.99,True,False,True,False,False,False
Two Point Hospital,$4.99,False,False,False,True,True,False
Black Squad,$9.99,False,False,False,False,False,True
Speed Brawl,$29.99,False,False,False,True,False,False
Duke Nukem Forever,$7.99,False,False,True,False,False,False
Marooners,$19.99,False,False,False,True,False,False
Sid Meier's Civilization V,$4.99,True,True,True,True,True,True
Corrosion: Cold Winter Waiting [Enhanced Edition],$14.99,False,False,True,False,False,False
Return of the Obra Dinn,$29.99,False,False,True,True,True,False
Home,$4.99,False,False,False,True,True,False
Jalopy,$29.99,False,False,False,True,False,True
GRIP: Combat Racing,$6.99,False,False,False,True,False,False
Anomaly Warzone Earth Mobile Campaign,$19.99,False,False,True,True,False,False
Wurm Unlimited,$1.24,False,False,False,True,False,False
Thief Gold,$19.99,True,False,False,False,False,False
Starbound - Unstable,$29.99,True,False,False,True,False,False
ADR1FT,$19.99,False,False,True,False,False,False
Sid Meier's Ace Patrol: Pacific Skies,$24.99,False,False,False,False,False,True
Eador. Imperium,$14.99,False,False,True,False,False,False
Deadbreed®,$9.99,False,False,True,False,False,False
Pillars of Eternity,$19.99,False,False,True,True,False,False
Mirror's Edge,$14.99,True,False,False,False,False,False
Hurtworld,$19.99,False,False,False,True,False,False
Flinthook,$2.99,False,False,False,False,True,False
Purrfect Date,$29.99,False,False,False,True,False,False
Forged Battalion,$14.99,False,False,True,True,False,False
This Is the Police 2,$4.99,False,False,False,False,True,False
Deceit,$4.99,False,False,False,True,False,False
Hand of Fate,$14.99,False,False,False,True,False,False
STAR WARS™ Jedi Knight: Mysteries of the Sith™,$14.99,True,False,False,True,False,False
Watch_Dogs,$9.99,True,False,False,False,False,False
Insurgency,$7.99,True,False,True,True,True,True
Red Orchestra: Ostfront 41-45,$24.99,True,False,False,False,False,False
The Surge,$14.99,False,False,True,True,True,False
Kona,$0.49,False,False,True,True,False,False
NBA Playgrounds,$19.99,False,False,False,True,False,True
Crusader Kings II,$14.99,True,False,True,True,False,False
Tropico 4,$19.99,True,False,True,True,False,False
Squad - Public Testing,$16.99,False,False,False,True,False,False
Retro/Grade,$14.99,False,False,False,False,True,False
Electronic Super Joy,$19.99,False,False,False,False,True,False
Worms Clan Wars,$14.99,False,False,False,False,True,False
The Bard's Tale Trilogy,$0.50,False,False,False,False,True,False
BEEP,$1.24,True,False,False,False,False,False
Mages of Mystralia,$14.99,False,False,False,True,False,False
A Valley Without Wind,$6.99,False,False,False,False,True,False
Next Up Hero Beta,$9.99,False,False,False,False,False,True
Crysis Wars,$9.99,False,False,False,True,False,False
Life is Strange: Before the Storm,$14.99,False,False,True,False,False,False
Darwin Project,$12.99,False,False,True,False,False,False
F1 2015,$0.99,False,False,True,False,False,False
STAR WARS™: The Force Unleashed™ II,$7.99,False,False,False,True,False,False
Guacamelee! Gold Edition,$14.99,True,False,False,True,True,False
Will Glow the Wisp,$14.99,False,False,True,False,False,False
Sid Meier's Ace Patrol,$14.99,False,False,False,False,False,True
Pool Panic,$14.99,False,False,False,True,False,False
Ring of Elysium,$29.99,False,False,False,False,False,True
Fractured Space,$9.99,False,False,True,False,False,False
Loadout,$6.99,False,False,False,False,True,False
Critter Crunch,$24.99,False,False,False,False,True,False
The Elder Scrolls: Legends,$9.99,False,False,False,False,True,False
Shelter 1,$19.99,False,False,False,False,True,False
Aura Kingdom,$8.99,False,False,True,False,False,False
Unreal Gold,$19.99,False,False,True,False,False,False
Spelunky,$9.99,True,False,True,False,False,False
Late Shift,$19.99,False,False,False,True,False,False
Cockroach Simulator,$2.99,False,False,True,False,False,False
Battle Chef Brigade,$15.00,False,False,False,True,True,False
Starbound,$9.99,True,False,False,True,False,False
AER Memories of Old,$29.99,False,False,False,True,False,True
Super Meat Boy,$59.99,True,False,False,True,True,False
Elegy For A Dead World,$11.99,False,False,True,False,False,False
A Hat in Time,$29.99,False,False,True,True,True,False
We Were Here Too,$14.99,False,False,False,True,False,False
Fractal: Make Blooms Not War,$9.99,False,False,False,False,True,False
Frozen Synapse,$5.99,True,False,False,False,False,False
Shank,$9.99,True,False,False,False,True,False
Homefront,???,True,False,True,False,False,False
Cibele,???,False,False,False,False,True,False
Kingdoms of Amalur: Reckoning™,???,False,False,True,False,False,False
Oxenfree,???,False,False,False,False,True,False
Hyper Light Drifter,???,True,False,False,False,True,False
Super Hexagon,???,True,False,False,True,True,True
Renegade Ops,???,False,False,True,False,False,False
Anomaly Defenders,???,False,False,True,True,False,False
Rise of the Tomb Raider,???,False,False,True,False,False,False
Pox Nora,???,False,False,True,False,False,False
Project CARS 2,???,False,False,False,True,False,False
Heroes of Hammerwatch,???,True,False,False,False,False,False
Prey,???,True,False,False,False,True,False
Swords and Soldiers 2 Shawarmageddon,???,False,False,False,True,False,False
Counter-Strike: Source,???,True,False,False,True,False,False
The Culling,???,False,False,True,True,False,False
Loom,???,False,False,False,False,True,False
Warhammer: Vermintide 2 Closed Test,???,True,False,True,True,True,False
Swords and Soldiers HD,???,False,False,False,True,False,False
Company of Heroes ,$19.99,True,False,True,False,True,False
Divinity: Original Sin Enhanced Edition,$39.99,True,False,False,False,False,False
Oil Rush,$7.99,True,False,False,False,False,False
Puzzle Agent 2,$9.99,False,False,True,False,False,False
The Legend of Dark Witch,$4.99,False,False,True,False,False,False
The Walking Dead: Season Two,$14.99,False,False,True,False,True,False
R-COIL,$4.99,False,False,True,True,False,False
Don't Starve,$9.99,False,False,False,True,True,True
Blasphemous,$24.99,False,False,False,True,True,False
Monkey Island 2: Special Edition,$9.99,False,False,False,False,True,False
Contagion,$9.99,True,False,True,False,False,False
Magic 2014 ,$9.99,False,False,False,False,True,False
Total War: WARHAMMER II,$59.99,True,False,False,False,False,False
Railroad Tycoon 3,$9.99,False,False,True,False,False,False
The Elder Scrolls V: Skyrim,$19.99,True,False,False,False,False,False
The Walking Dead,$14.99,True,False,True,False,False,False
Little Inferno,$14.99,True,False,False,False,False,False
Alan Wake's American Nightmare,$8.99,False,False,True,True,True,False
Moonlighter,$19.99,False,False,False,True,True,False
Farming Simulator 19,$24.99,False,False,False,True,False,False
BioShock Remastered,$19.99,True,False,False,False,False,False
Freedom Force vs. the 3rd Reich,$1.24,False,False,True,False,False,False
Laser League,$14.99,False,False,False,True,False,True
FEZ,$9.99,True,False,False,True,True,True
Portal 2,$9.99,True,True,True,False,True,True
Middle-earth™: Shadow of Mordor™,$19.99,True,False,False,False,False,True
Ghost in the Shell: Stand Alone Complex - First Assault Online,$14.99,False,False,True,False,False,False
Orcs Must Die! 2,$0.74,True,False,True,True,False,False
Guns of Icarus Alliance,$9.99,False,False,True,True,False,False
Tales from the Borderlands,$5.99,False,False,True,False,True,False
Undertale,$44.99,False,False,True,True,True,False
Slime-san,$19.99,False,False,True,True,False,False
Torment: Tides of Numenera,$39.99,False,False,False,True,False,False
MX vs. ATV Reflex,$9.99,False,False,False,True,False,False
Sid Meier's Civilization: Beyond Earth,$14.99,False,False,False,False,True,True
Dustforce,$19.99,False,False,False,True,True,False
Crawl,$9.99,False,False,False,True,False,False
Dead Space,$9.99,True,False,False,False,False,False
Finding Paradise,$4.99,False,False,False,True,False,False
The Spiral Scouts,$1.24,False,False,False,True,False,False
Total Annihilation,$4.99,False,False,False,False,False,True
One Finger Death Punch,$9.99,True,False,False,False,False,False
NAIRI: Tower of Shirin,$19.99,False,False,False,True,False,False
Portal,$6.99,True,True,True,False,True,True
Firewatch,$9.99,False,False,False,False,False,True
Escape from Monkey Island™,$49.99,False,False,False,False,True,False
BIT.TRIP RUNNER,$19.99,True,False,False,True,True,False
Tales of Zestiria,$14.99,False,False,True,False,False,False
KHOLAT,$19.99,False,False,True,False,False,False
Torchlight,$4.99,True,False,False,True,True,False
Fallen Enchantress,$9.99,True,False,False,False,False,False
Company of Heroes: Tales of Valor,$14.99,True,False,False,False,True,False
Sid Meier's Civilization III: Complete,$29.99,False,False,True,True,False,True
Stacking,$9.99,False,False,False,False,True,False
Kathy Rain Demo,$19.99,False,False,False,False,True,False
Strider,$4.99,False,False,True,False,False,False
Dragon's Dogma: Dark Arisen,$14.99,True,False,False,False,False,False
Minit,$14.99,False,False,False,True,False,False
The Bureau: XCOM Declassified,$29.99,False,False,True,False,False,True
Pixel Puzzles 2: Anime,$4.99,False,False,True,False,False,False
The Red Strings Club,$9.99,False,False,True,False,False,False
RUNNING WITH RIFLES,$39.99,False,False,False,True,False,True
Aven Colony,$9.99,False,False,True,False,False,False
Kingdom: Classic,$29.99,False,False,True,False,True,False
PAYDAY 2,$11.99,True,False,True,False,False,False
Warframe,$39.99,True,False,True,True,True,False
Yooka-Laylee,$19.99,False,False,True,True,True,True
Fallout,$19.99,False,False,True,True,True,False
Minion Masters,$19.99,False,False,True,False,False,False
Crysis 2 Maximum Edition,$14.99,True,False,False,True,False,False
Cursed Castilla (Maldita Castilla EX),$4.99,False,False,False,True,False,False
War of the Roses Balance Beta,$1.79,True,False,False,False,False,False
Dishonored 2,$2.99,False,False,False,False,True,False
Solstice,$14.99,False,False,False,True,False,False
RUINER,$14.99,False,False,False,True,False,True
BioShock 2 Remastered,$10.99,True,False,False,False,False,False
Just Cause 2,$29.99,True,False,True,False,False,False
Second Sight,$14.99,True,False,False,False,False,False
140,$19.99,False,False,False,False,True,False
DEEP SPACE WAIFU,$9.99,False,False,True,False,False,False
YOU DON'T KNOW JACK Vol. 3,$29.99,False,False,False,False,True,False
Braid,$29.99,True,False,False,True,True,False
Neon Beats,$7.99,False,False,True,False,False,False
The Stanley Parable,$49.99,True,True,True,False,True,False
Blade & Bones,$19.99,False,False,True,True,False,False
BioShock,$0.99,True,False,False,False,False,False
Mark of the Ninja,$4.99,True,False,False,False,False,True
Age of Wonders III,$4.99,False,False,True,False,True,False
Revenge of the Titans,$14.99,False,False,False,False,True,False
BATTALION 1944,???,False,False,False,False,True,False
The Witcher: Enhanced Edition,???,False,False,False,True,False,False
Overgrowth,???,False,False,False,True,False,True
Shenmue I & II,???,False,False,False,True,False,False
Half-Life 2: Episode Two,???,False,False,False,False,False,True
X4: Foundations,???,False,False,False,True,False,False
Mortal Kombat X,???,False,False,False,False,False,True
The Search,???,False,False,True,False,False,False
The Mean Greens - Plastic Warfare,???,False,False,True,False,False,False
Mount Your Friends,???,False,False,True,False,False,False
Broken Age,???,False,False,False,True,True,True
Northgard,$29.99,False,False,False,True,False,False
ZOMBI,$19.99,False,False,False,False,True,False
Darksiders II Deathinitive Edition,$29.99,True,False,True,True,False,False
HEX: Shards of Fate,$9.99,False,False,False,False,True,False
Skullgirls,$9.99,False,False,True,False,False,False
AdVenture Capitalist,$24.99,False,False,False,False,True,False
Contrast,$13.99,False,False,True,False,False,False
Total War: MEDIEVAL II - Definitive Edition,$24.99,True,False,False,False,False,False
Interplanetary,$14.99,False,False,True,True,False,False
NeuroVoider,$3.24,False,False,False,True,False,False
The Jackbox Party Pack,$7.99,False,False,False,False,True,True
Mega Man Legacy Collection,$7.99,False,False,False,True,True,False
Alpha Protocol,$6.99,False,False,True,False,False,False
"Cook, Serve, Delicious! 2!!",$14.99,False,False,True,True,False,True
Hidden Folks,$14.99,False,False,False,True,True,False
HIVESWAP: ACT 1,$9.99,False,False,False,True,False,False
Thief 2,$15.99,True,False,False,False,False,False
Black The Fall,$24.99,False,False,False,True,False,True
Road to Ballhalla,$9.99,False,False,True,True,False,False
Hotline Miami,$7.49,True,False,False,True,True,False
Tales from Candlekeep: Tomb of Annihilation,$19.99,False,False,True,False,False,False
Slay the Spire,$9.99,False,False,False,True,True,False
Tom Clancy's Splinter Cell: Chaos Theory,$19.99,False,False,False,False,False,True
South Park™: The Stick of Truth™,$5.59,False,True,True,False,False,False
Portal Knights,$19.99,False,False,True,True,False,False
Caveblazers,$9.99,False,False,False,True,False,False
Yoku's Island Express,$14.99,False,False,False,False,True,False
Medieval Kingdom Wars,$2.99,False,False,True,False,False,False
Cortex Command,$19.99,False,False,True,False,False,False
HackyZack,$29.99,False,False,True,True,False,False
Paradigm,$9.99,False,False,False,True,False,False
SEGA Mega Drive & Genesis Classics,$14.99,False,False,True,False,True,False
Muse Dash,$14.99,False,False,True,False,False,False
OKAMI HD / 大神 絶景版,$6.99,False,False,False,True,False,False
Absolver,$39.99,False,False,False,True,False,False
Sid Meier's Civilization IV: Beyond the Sword,$59.99,False,False,False,False,False,True
Enter the Gungeon,$29.99,True,False,False,False,False,False
Westerado: Double Barreled,$9.99,False,False,True,False,False,False
TIS-100,$39.99,False,False,True,True,False,False
Europa Universalis IV,$29.99,True,False,False,True,False,False
Total War: WARHAMMER,$14.99,True,False,True,False,False,False
State of Decay: Year-One,$29.99,True,False,False,False,False,False
Multiwinia,$14.99,False,False,False,True,False,False
Mafia III,$19.99,False,False,False,True,False,True
Satellite Reign,$14.99,False,False,True,True,False,False
Eliza,$2.49,False,False,False,True,False,False
Ken Follett's The Pillars of the Earth,$6.99,False,True,True,True,False,True
Nova Blitz,$9.99,False,False,False,False,True,False
TowerFall Ascension,$14.99,True,False,False,False,True,False
American Truck Simulator,$29.99,False,False,True,True,False,False
Agatha Christie - The ABC Murders,$19.99,False,False,True,False,False,False
Perfect Heist,$4.99,False,False,True,True,False,False
Gang of Four,$14.99,False,False,True,False,False,False
FTL: Faster Than Light,$19.99,False,False,False,False,True,True
Jazzpunk: Director's Cut,$5.99,False,False,False,False,True,False
Dragon Age: Origins - Ultimate Edition,$9.99,False,False,False,True,False,False
Danganronpa: Trigger Happy Havoc,$14.99,False,False,False,False,True,False
Commandos 2: Men of Courage,$14.99,False,False,False,False,False,True
Dust: An Elysian Tail,$19.99,True,False,False,True,True,False
You Need A Budget 4 (YNAB),$29.99,False,False,False,False,True,False
Space Run Galaxy,$19.99,False,False,True,False,False,False
The Vanishing of Ethan Carter Redux,$19.99,False,False,True,False,False,False
Spec Ops: The Line,$14.99,False,False,True,False,True,False
The Battle of Sol,$14.99,False,False,True,False,False,False
Only If,$14.99,False,False,False,False,True,False
CHRONO TRIGGER,$2.99,False,False,False,False,True,False
Besiege,$7.99,True,False,False,True,False,True
Trine 2,$44.99,False,True,False,False,False,False
Killing Floor 2,$49.99,True,False,False,True,False,False
For The King,$14.99,True,False,False,True,False,False
Gang Beasts,$9.99,True,False,False,True,False,False
Zombotron,$29.99,False,False,False,True,False,False
The Wolf Among Us,$19.99,False,False,True,False,True,False
Witch It,$4.99,False,False,True,True,True,True
Burst The Game,$14.99,True,False,False,False,False,False
Wizorb,$8.99,False,False,True,True,False,False
Fort Meow,$19.99,False,False,True,True,False,False
Duelyst,$9.99,False,False,False,False,True,False
Jurassic World Evolution,$11.99,False,False,False,True,False,False
Tales of Berseria,$2.49,False,False,False,True,False,False
Totally Accurate Battle Simulator,$44.99,True,False,False,True,False,False
Mount & Blade,$4.99,True,False,False,False,False,False
LEGO® Worlds,$19.99,False,False,True,False,False,False
Mad Max,$14.99,False,False,True,False,False,False
theHunter Classic,$19.99,False,False,False,False,True,False
The Council,$9.99,False,False,False,False,True,False
Regular Human Basketball,???,False,False,False,True,False,False
Guts and Glory,???,False,False,True,True,False,False
Thief: Deadly Shadows,???,True,False,False,False,False,False
Arma 2: Operation Arrowhead,???,True,False,False,False,True,False
Endless Space,???,False,False,True,False,False,False
Strike Vector EX,???,False,False,True,False,False,False
Bleed 2,???,False,False,False,True,False,False
The Incredible Adventures of Van Helsing: Final Cut,???,False,False,False,True,False,False
Anomaly Korea,???,False,False,True,True,False,False
Realm Royale - Test Server,???,False,False,False,True,False,False
LEGO® Harry Potter: Years 5-7,???,False,False,True,False,False,False
The Adventure Pals,???,False,False,False,True,False,False
Rocket League,???,True,True,True,True,True,True
Punch Club,???,False,False,True,True,False,False
War of the Roses,$9.99,True,False,False,False,False,False
Psychonauts,$9.99,True,False,True,True,True,False
Dota 2 Test,$9.99,True,False,False,True,True,False
Orcs Must Die!,$9.99,False,False,False,True,False,False
LostWinds,$9.99,False,False,False,True,False,False
A Mortician's Tale,$12.99,False,False,False,True,False,False
Free To Play (Streaming),$14.99,False,False,False,False,True,False
Quiplash,$49.99,False,False,False,False,True,False
Rome: Total War - Alexander,$29.99,True,False,False,False,False,False
Clustertruck,$14.99,False,False,True,True,False,False
Middle-earth™: Shadow of War™,$19.99,False,False,False,True,True,True
Agents of Mayhem,$9.99,False,False,False,True,False,False
Ziggurat,$19.99,False,False,False,True,False,False
Snake Pass,$19.99,False,False,False,True,False,True
Her Story,$39.99,False,False,False,False,True,False
METAL GEAR SOLID V: THE PHANTOM PAIN,$14.99,True,False,False,True,True,False
Sudden Strike 4,$24.99,False,False,True,True,False,False
Merry Snowballs,$19.99,False,False,True,False,False,False
PlanetSide 2,$19.99,True,False,False,True,False,False
The Witness,$4.99,True,False,False,True,False,False
Steel Storm: Burning Retribution,$29.99,False,False,False,False,True,False
Grim Dawn,$39.99,False,False,True,False,True,False
Batman: Arkham Asylum GOTY Edition,$14.99,True,False,False,True,False,True
Audioshield,$9.99,True,False,False,False,False,False
Half-Life 2: Deathmatch,$14.99,False,False,False,False,False,True
Deep Rock Galactic,$4.99,True,False,False,False,False,False
Kerbal Space Program,$9.99,True,True,False,True,True,True
Hotline Miami 2: Wrong Number,$19.99,False,False,True,True,False,False
Planescape: Torment: Enhanced Edition,$14.99,False,False,False,True,False,False
Shadowrun: Dragonfall - Director's Cut,$14.99,True,False,False,False,True,False
Shadow of the Tomb Raider,$9.99,False,False,False,True,True,False
THOTH,$14.99,False,False,True,True,False,False
Saints Row 2,$9.99,True,False,True,False,False,False
Sam & Max 304: Beyond the Alley of the Dolls,$14.99,False,False,True,False,False,False
MURDERED: SOUL SUSPECT™,$9.99,False,False,True,False,False,False
Octodad: Dadliest Catch,$4.99,False,False,True,False,True,False
Holy Potatoes! We’re in Space?!,$9.99,False,False,False,True,False,True
The Red Solstice,$39.99,False,False,True,False,False,False
Infested Planet,$14.99,False,False,False,True,False,False
Beholder,$4.99,False,False,False,True,False,False
FlowScape,$19.99,True,False,False,False,False,False
Sniper Elite V2,$2.99,False,False,False,True,False,False
Slap City,$19.99,False,False,False,True,False,False
Pony Island,$19.99,False,False,False,False,True,False
LostWinds 2: Winter of the Melodias,$44.99,False,False,True,True,False,False
The Witcher 3: Wild Hunt,$19.99,False,True,False,True,False,False
Last Encounter,$2.99,False,False,True,True,False,False
Marble Skies,$2.99,False,False,True,False,False,False
Banished,$19.99,True,False,False,False,False,False
Oddworld: Abe's Oddysee,$29.99,False,False,True,False,True,False
Commander: Conquest of the Americas Gold,$19.99,False,False,True,False,False,False
Deus Ex: Human Revolution - Director's Cut,$0.99,False,False,True,False,False,False
EARTH DEFENSE FORCE 4.1  The Shadow of New Despair,$24.99,False,False,True,True,False,False
Planet Coaster,$9.99,False,False,False,True,True,False
Danganronpa 2: Goodbye Despair,$39.99,False,False,False,False,True,False
Clicker bAdventure,$14.99,False,False,True,True,False,False
Gun Metal,$14.99,False,False,True,False,False,False
Killing Floor,???,True,False,True,False,False,False
East India Company Gold,???,False,False,True,False,False,False
Arma 3,???,False,False,False,True,False,False
Metro: Last Light Redux,???,True,False,False,False,False,False
Mountain,???,False,False,False,True,False,False
Kentucky Route Zero,???,False,False,False,True,True,False
Far Cry 2,???,True,False,False,False,False,False
Outward,???,True,False,False,False,False,False
World of Goo,???,False,False,False,True,False,False
NEO Scavenger,???,True,False,False,False,False,False
